date,state,parlimen,expenditure
2019-01-01,Perlis,P.001 Padang Besar,3154
2022-01-01,Perlis,P.001 Padang Besar,3584
2024-01-01,Perlis,P.001 Padang Besar,3828
2019-01-01,Perlis,P.002 Kangar,3694
2022-01-01,Perlis,P.002 Kangar,4115
2024-01-01,Perlis,P.002 Kangar,4250
2019-01-01,Perlis,P.003 Arau,3381
2022-01-01,Perlis,P.003 Arau,3746
2024-01-01,Perlis,P.003 Arau,4100
2019-01-01,Kedah,P.004 Langkawi,3334
2022-01-01,Kedah,P.004 Langkawi,3680
2024-01-01,Kedah,P.004 Langkawi,4356
2019-01-01,Kedah,P.005 Jerlun,2768
2022-01-01,Kedah,P.005 Jerlun,3518
2024-01-01,Kedah,P.005 Jerlun,4314
2019-01-01,Kedah,P.006 Kubang Pasu,4360
2022-01-01,Kedah,P.006 Kubang Pasu,4257
2024-01-01,Kedah,P.006 Kubang Pasu,4551
2019-01-01,Kedah,P.007 Padang Terap,3419
2022-01-01,Kedah,P.007 Padang Terap,3751
2024-01-01,Kedah,P.007 Padang Terap,3872
2019-01-01,Kedah,P.008 Pokok Sena,3564
2022-01-01,Kedah,P.008 Pokok Sena,4289
2024-01-01,Kedah,P.008 Pokok Sena,4776
2019-01-01,Kedah,P.009 Alor Setar,4146
2022-01-01,Kedah,P.009 Alor Setar,4077
2024-01-01,Kedah,P.009 Alor Setar,4362
2019-01-01,Kedah,P.010 Kuala Kedah,4183
2022-01-01,Kedah,P.010 Kuala Kedah,4270
2024-01-01,Kedah,P.010 Kuala Kedah,4296
2019-01-01,Kedah,P.011 Pendang,2798
2022-01-01,Kedah,P.011 Pendang,3562
2024-01-01,Kedah,P.011 Pendang,3914
2019-01-01,Kedah,P.012 Jerai,2635
2022-01-01,Kedah,P.012 Jerai,3135
2024-01-01,Kedah,P.012 Jerai,3718
2019-01-01,Kedah,P.013 Sik,2921
2022-01-01,Kedah,P.013 Sik,3530
2024-01-01,Kedah,P.013 Sik,3675
2019-01-01,Kedah,P.014 Merbok,3394
2022-01-01,Kedah,P.014 Merbok,4297
2024-01-01,Kedah,P.014 Merbok,4259
2019-01-01,Kedah,P.015 Sungai Petani,3255
2022-01-01,Kedah,P.015 Sungai Petani,3713
2024-01-01,Kedah,P.015 Sungai Petani,3662
2019-01-01,Kedah,P.016 Baling,2535
2022-01-01,Kedah,P.016 Baling,2732
2024-01-01,Kedah,P.016 Baling,3041
2019-01-01,Kedah,P.017 Padang Serai,3038
2022-01-01,Kedah,P.017 Padang Serai,3809
2024-01-01,Kedah,P.017 Padang Serai,4114
2019-01-01,Kedah,P.018 Kulim-Bandar Baharu,3209
2022-01-01,Kedah,P.018 Kulim-Bandar Baharu,3100
2024-01-01,Kedah,P.018 Kulim-Bandar Baharu,3561
2019-01-01,Kelantan,P.019 Tumpat,3377
2022-01-01,Kelantan,P.019 Tumpat,3831
2024-01-01,Kelantan,P.019 Tumpat,4181
2019-01-01,Kelantan,P.020 Pengkalan Chepa,3635
2022-01-01,Kelantan,P.020 Pengkalan Chepa,3694
2024-01-01,Kelantan,P.020 Pengkalan Chepa,4318
2019-01-01,Kelantan,P.021 Kota Bharu,3569
2022-01-01,Kelantan,P.021 Kota Bharu,3688
2024-01-01,Kelantan,P.021 Kota Bharu,4436
2019-01-01,Kelantan,P.022 Pasir Mas,3612
2022-01-01,Kelantan,P.022 Pasir Mas,3275
2024-01-01,Kelantan,P.022 Pasir Mas,3878
2019-01-01,Kelantan,P.023 Rantau Panjang,2715
2022-01-01,Kelantan,P.023 Rantau Panjang,3188
2024-01-01,Kelantan,P.023 Rantau Panjang,3307
2019-01-01,Kelantan,P.024 Kubang Kerian,4033
2022-01-01,Kelantan,P.024 Kubang Kerian,4593
2024-01-01,Kelantan,P.024 Kubang Kerian,4318
2019-01-01,Kelantan,P.025 Bachok,2742
2022-01-01,Kelantan,P.025 Bachok,3282
2024-01-01,Kelantan,P.025 Bachok,3579
2019-01-01,Kelantan,P.026 Ketereh,3710
2022-01-01,Kelantan,P.026 Ketereh,3634
2024-01-01,Kelantan,P.026 Ketereh,4221
2019-01-01,Kelantan,P.027 Tanah Merah,2984
2022-01-01,Kelantan,P.027 Tanah Merah,3294
2024-01-01,Kelantan,P.027 Tanah Merah,3598
2019-01-01,Kelantan,P.028 Pasir Puteh,3105
2022-01-01,Kelantan,P.028 Pasir Puteh,3525
2024-01-01,Kelantan,P.028 Pasir Puteh,3745
2019-01-01,Kelantan,P.029 Machang,3056
2022-01-01,Kelantan,P.029 Machang,3267
2024-01-01,Kelantan,P.029 Machang,3411
2019-01-01,Kelantan,P.030 Jeli,2307
2022-01-01,Kelantan,P.030 Jeli,2876
2024-01-01,Kelantan,P.030 Jeli,3282
2019-01-01,Kelantan,P.031 Kuala Krai,2505
2022-01-01,Kelantan,P.031 Kuala Krai,2853
2024-01-01,Kelantan,P.031 Kuala Krai,2863
2019-01-01,Kelantan,P.032 Gua Musang,2900
2022-01-01,Kelantan,P.032 Gua Musang,3543
2024-01-01,Kelantan,P.032 Gua Musang,3655
2019-01-01,Terengganu,P.033 Besut,3840
2022-01-01,Terengganu,P.033 Besut,4182
2024-01-01,Terengganu,P.033 Besut,4315
2019-01-01,Terengganu,P.034 Setiu,3621
2022-01-01,Terengganu,P.034 Setiu,4575
2024-01-01,Terengganu,P.034 Setiu,4644
2019-01-01,Terengganu,P.035 Kuala Nerus,4715
2022-01-01,Terengganu,P.035 Kuala Nerus,4855
2024-01-01,Terengganu,P.035 Kuala Nerus,5222
2019-01-01,Terengganu,P.036 Kuala Terengganu,4599
2022-01-01,Terengganu,P.036 Kuala Terengganu,4988
2024-01-01,Terengganu,P.036 Kuala Terengganu,5512
2019-01-01,Terengganu,P.037 Marang,4225
2022-01-01,Terengganu,P.037 Marang,4759
2024-01-01,Terengganu,P.037 Marang,5160
2019-01-01,Terengganu,P.038 Hulu Terengganu,3853
2022-01-01,Terengganu,P.038 Hulu Terengganu,4508
2024-01-01,Terengganu,P.038 Hulu Terengganu,4590
2019-01-01,Terengganu,P.039 Dungun,4688
2022-01-01,Terengganu,P.039 Dungun,5219
2024-01-01,Terengganu,P.039 Dungun,5833
2019-01-01,Terengganu,P.040 Kemaman,4652
2022-01-01,Terengganu,P.040 Kemaman,4978
2024-01-01,Terengganu,P.040 Kemaman,5644
2019-01-01,Pulau Pinang,P.041 Kepala Batas,3769
2022-01-01,Pulau Pinang,P.041 Kepala Batas,4107
2024-01-01,Pulau Pinang,P.041 Kepala Batas,5151
2019-01-01,Pulau Pinang,P.042 Tasek Gelugor,3557
2022-01-01,Pulau Pinang,P.042 Tasek Gelugor,4790
2024-01-01,Pulau Pinang,P.042 Tasek Gelugor,5122
2019-01-01,Pulau Pinang,P.043 Bagan,4119
2022-01-01,Pulau Pinang,P.043 Bagan,4498
2024-01-01,Pulau Pinang,P.043 Bagan,5484
2019-01-01,Pulau Pinang,P.044 Permatang Pauh,3615
2022-01-01,Pulau Pinang,P.044 Permatang Pauh,4767
2024-01-01,Pulau Pinang,P.044 Permatang Pauh,5082
2019-01-01,Pulau Pinang,P.045 Bukit Mertajam,4522
2022-01-01,Pulau Pinang,P.045 Bukit Mertajam,5009
2024-01-01,Pulau Pinang,P.045 Bukit Mertajam,5714
2019-01-01,Pulau Pinang,P.046 Batu Kawan,4680
2022-01-01,Pulau Pinang,P.046 Batu Kawan,5102
2024-01-01,Pulau Pinang,P.046 Batu Kawan,5742
2019-01-01,Pulau Pinang,P.047 Nibong Tebal,3808
2022-01-01,Pulau Pinang,P.047 Nibong Tebal,4633
2024-01-01,Pulau Pinang,P.047 Nibong Tebal,4926
2019-01-01,Pulau Pinang,P.048 Bukit Bendera,6129
2022-01-01,Pulau Pinang,P.048 Bukit Bendera,7250
2024-01-01,Pulau Pinang,P.048 Bukit Bendera,8661
2019-01-01,Pulau Pinang,P.049 Tanjong,4648
2022-01-01,Pulau Pinang,P.049 Tanjong,4003
2024-01-01,Pulau Pinang,P.049 Tanjong,4860
2019-01-01,Pulau Pinang,P.050 Jelutong,4753
2022-01-01,Pulau Pinang,P.050 Jelutong,5189
2024-01-01,Pulau Pinang,P.050 Jelutong,5439
2019-01-01,Pulau Pinang,P.051 Bukit Gelugor,4707
2022-01-01,Pulau Pinang,P.051 Bukit Gelugor,5762
2024-01-01,Pulau Pinang,P.051 Bukit Gelugor,5615
2019-01-01,Pulau Pinang,P.052 Bayan Baru,5562
2022-01-01,Pulau Pinang,P.052 Bayan Baru,6391
2024-01-01,Pulau Pinang,P.052 Bayan Baru,6275
2019-01-01,Pulau Pinang,P.053 Balik Pulau,5166
2022-01-01,Pulau Pinang,P.053 Balik Pulau,5588
2024-01-01,Pulau Pinang,P.053 Balik Pulau,6288
2019-01-01,Perak,P.054 Gerik,3072
2022-01-01,Perak,P.054 Gerik,3230
2024-01-01,Perak,P.054 Gerik,3254
2019-01-01,Perak,P.055 Lenggong,2177
2022-01-01,Perak,P.055 Lenggong,2615
2024-01-01,Perak,P.055 Lenggong,3289
2019-01-01,Perak,P.056 Larut,3605
2022-01-01,Perak,P.056 Larut,3250
2024-01-01,Perak,P.056 Larut,3406
2019-01-01,Perak,P.057 Parit Buntar,3923
2022-01-01,Perak,P.057 Parit Buntar,3678
2024-01-01,Perak,P.057 Parit Buntar,3973
2019-01-01,Perak,P.058 Bagan Serai,3561
2022-01-01,Perak,P.058 Bagan Serai,3579
2024-01-01,Perak,P.058 Bagan Serai,3692
2019-01-01,Perak,P.059 Bukit Gantang,3363
2022-01-01,Perak,P.059 Bukit Gantang,3461
2024-01-01,Perak,P.059 Bukit Gantang,3865
2019-01-01,Perak,P.060 Taiping,3914
2022-01-01,Perak,P.060 Taiping,4102
2024-01-01,Perak,P.060 Taiping,4681
2019-01-01,Perak,P.061 Padang Rengas,4223
2022-01-01,Perak,P.061 Padang Rengas,3109
2024-01-01,Perak,P.061 Padang Rengas,3984
2019-01-01,Perak,P.062 Sungai Siput,2650
2022-01-01,Perak,P.062 Sungai Siput,3551
2024-01-01,Perak,P.062 Sungai Siput,4055
2019-01-01,Perak,P.063 Tambun,3878
2022-01-01,Perak,P.063 Tambun,4610
2024-01-01,Perak,P.063 Tambun,5136
2019-01-01,Perak,P.064 Ipoh Timor,3993
2022-01-01,Perak,P.064 Ipoh Timor,4845
2024-01-01,Perak,P.064 Ipoh Timor,4682
2019-01-01,Perak,P.065 Ipoh Barat,5013
2022-01-01,Perak,P.065 Ipoh Barat,3928
2024-01-01,Perak,P.065 Ipoh Barat,4099
2019-01-01,Perak,P.066 Batu Gajah,2941
2022-01-01,Perak,P.066 Batu Gajah,3847
2024-01-01,Perak,P.066 Batu Gajah,4207
2019-01-01,Perak,P.067 Kuala Kangsar,3282
2022-01-01,Perak,P.067 Kuala Kangsar,3748
2024-01-01,Perak,P.067 Kuala Kangsar,3967
2019-01-01,Perak,P.068 Beruas,3486
2022-01-01,Perak,P.068 Beruas,3746
2024-01-01,Perak,P.068 Beruas,4061
2019-01-01,Perak,P.069 Parit,3972
2022-01-01,Perak,P.069 Parit,4057
2024-01-01,Perak,P.069 Parit,4056
2019-01-01,Perak,P.070 Kampar,2612
2022-01-01,Perak,P.070 Kampar,3173
2024-01-01,Perak,P.070 Kampar,3659
2019-01-01,Perak,P.071 Gopeng,3529
2022-01-01,Perak,P.071 Gopeng,4452
2024-01-01,Perak,P.071 Gopeng,4726
2019-01-01,Perak,P.072 Tapah,2983
2022-01-01,Perak,P.072 Tapah,3802
2024-01-01,Perak,P.072 Tapah,3599
2019-01-01,Perak,P.073 Pasir Salak,2606
2022-01-01,Perak,P.073 Pasir Salak,3176
2024-01-01,Perak,P.073 Pasir Salak,3461
2019-01-01,Perak,P.074 Lumut,4019
2022-01-01,Perak,P.074 Lumut,4116
2024-01-01,Perak,P.074 Lumut,4795
2019-01-01,Perak,P.075 Bagan Datuk,3341
2022-01-01,Perak,P.075 Bagan Datuk,3165
2024-01-01,Perak,P.075 Bagan Datuk,3547
2019-01-01,Perak,P.076 Teluk Intan,3312
2022-01-01,Perak,P.076 Teluk Intan,3439
2024-01-01,Perak,P.076 Teluk Intan,3962
2019-01-01,Perak,P.077 Tanjong Malim,3191
2022-01-01,Perak,P.077 Tanjong Malim,4057
2024-01-01,Perak,P.077 Tanjong Malim,4329
2019-01-01,Pahang,P.078 Cameron Highlands,4016
2022-01-01,Pahang,P.078 Cameron Highlands,3914
2024-01-01,Pahang,P.078 Cameron Highlands,4427
2019-01-01,Pahang,P.079 Lipis,3291
2022-01-01,Pahang,P.079 Lipis,4261
2024-01-01,Pahang,P.079 Lipis,4385
2019-01-01,Pahang,P.080 Raub,4102
2022-01-01,Pahang,P.080 Raub,4247
2024-01-01,Pahang,P.080 Raub,4675
2019-01-01,Pahang,P.081 Jerantut,2783
2022-01-01,Pahang,P.081 Jerantut,3359
2024-01-01,Pahang,P.081 Jerantut,3722
2019-01-01,Pahang,P.082 Indera Mahkota,4603
2022-01-01,Pahang,P.082 Indera Mahkota,5150
2024-01-01,Pahang,P.082 Indera Mahkota,5470
2019-01-01,Pahang,P.083 Kuantan,4537
2022-01-01,Pahang,P.083 Kuantan,4755
2024-01-01,Pahang,P.083 Kuantan,4360
2019-01-01,Pahang,P.084 Paya Besar,3738
2022-01-01,Pahang,P.084 Paya Besar,4116
2024-01-01,Pahang,P.084 Paya Besar,4943
2019-01-01,Pahang,P.085 Pekan,3341
2022-01-01,Pahang,P.085 Pekan,3620
2024-01-01,Pahang,P.085 Pekan,4021
2019-01-01,Pahang,P.086 Maran,3337
2022-01-01,Pahang,P.086 Maran,2986
2024-01-01,Pahang,P.086 Maran,3566
2019-01-01,Pahang,P.087 Kuala Krau,3575
2022-01-01,Pahang,P.087 Kuala Krau,4004
2024-01-01,Pahang,P.087 Kuala Krau,3747
2019-01-01,Pahang,P.088 Temerloh,3035
2022-01-01,Pahang,P.088 Temerloh,3615
2024-01-01,Pahang,P.088 Temerloh,3755
2019-01-01,Pahang,P.089 Bentong,3628
2022-01-01,Pahang,P.089 Bentong,4386
2024-01-01,Pahang,P.089 Bentong,4631
2019-01-01,Pahang,P.090 Bera,2821
2022-01-01,Pahang,P.090 Bera,3453
2024-01-01,Pahang,P.090 Bera,3548
2019-01-01,Pahang,P.091 Rompin,3337
2022-01-01,Pahang,P.091 Rompin,3695
2024-01-01,Pahang,P.091 Rompin,3966
2019-01-01,Selangor,P.092 Sabak Bernam,2982
2022-01-01,Selangor,P.092 Sabak Bernam,5545
2024-01-01,Selangor,P.092 Sabak Bernam,4755
2019-01-01,Selangor,P.093 Sungai Besar,4611
2022-01-01,Selangor,P.093 Sungai Besar,4741
2024-01-01,Selangor,P.093 Sungai Besar,6349
2019-01-01,Selangor,P.094 Hulu Selangor,4165
2022-01-01,Selangor,P.094 Hulu Selangor,4604
2024-01-01,Selangor,P.094 Hulu Selangor,5463
2019-01-01,Selangor,P.095 Tanjong Karang,3770
2022-01-01,Selangor,P.095 Tanjong Karang,4482
2024-01-01,Selangor,P.095 Tanjong Karang,5072
2019-01-01,Selangor,P.096 Kuala Selangor,4361
2022-01-01,Selangor,P.096 Kuala Selangor,5409
2024-01-01,Selangor,P.096 Kuala Selangor,5663
2019-01-01,Selangor,P.097 Selayang,4878
2022-01-01,Selangor,P.097 Selayang,5248
2024-01-01,Selangor,P.097 Selayang,6285
2019-01-01,Selangor,P.098 Gombak,5249
2022-01-01,Selangor,P.098 Gombak,6652
2024-01-01,Selangor,P.098 Gombak,7357
2019-01-01,Selangor,P.099 Ampang,6253
2022-01-01,Selangor,P.099 Ampang,7615
2024-01-01,Selangor,P.099 Ampang,7259
2019-01-01,Selangor,P.100 Pandan,5069
2022-01-01,Selangor,P.100 Pandan,6008
2024-01-01,Selangor,P.100 Pandan,6428
2019-01-01,Selangor,P.101 Hulu Langat,5284
2022-01-01,Selangor,P.101 Hulu Langat,6353
2024-01-01,Selangor,P.101 Hulu Langat,6533
2019-01-01,Selangor,P.102 Bangi,5275
2022-01-01,Selangor,P.102 Bangi,6487
2024-01-01,Selangor,P.102 Bangi,7111
2019-01-01,Selangor,P.103 Puchong,5715
2022-01-01,Selangor,P.103 Puchong,6864
2024-01-01,Selangor,P.103 Puchong,7137
2019-01-01,Selangor,P.104 Subang,6927
2022-01-01,Selangor,P.104 Subang,7683
2024-01-01,Selangor,P.104 Subang,8513
2019-01-01,Selangor,P.105 Petaling Jaya,6292
2022-01-01,Selangor,P.105 Petaling Jaya,7300
2024-01-01,Selangor,P.105 Petaling Jaya,9727
2019-01-01,Selangor,P.106 Damansara,7139
2022-01-01,Selangor,P.106 Damansara,7242
2024-01-01,Selangor,P.106 Damansara,7498
2019-01-01,Selangor,P.107 Sungai Buloh,6949
2022-01-01,Selangor,P.107 Sungai Buloh,7516
2024-01-01,Selangor,P.107 Sungai Buloh,8613
2019-01-01,Selangor,P.108 Shah Alam,7225
2022-01-01,Selangor,P.108 Shah Alam,9270
2024-01-01,Selangor,P.108 Shah Alam,8339
2019-01-01,Selangor,P.109 Kapar,5148
2022-01-01,Selangor,P.109 Kapar,6398
2024-01-01,Selangor,P.109 Kapar,6732
2019-01-01,Selangor,P.110 Klang,5518
2022-01-01,Selangor,P.110 Klang,6736
2024-01-01,Selangor,P.110 Klang,7092
2019-01-01,Selangor,P.111 Kota Raja,5877
2022-01-01,Selangor,P.111 Kota Raja,6759
2024-01-01,Selangor,P.111 Kota Raja,6959
2019-01-01,Selangor,P.112 Kuala Langat,4967
2022-01-01,Selangor,P.112 Kuala Langat,5779
2024-01-01,Selangor,P.112 Kuala Langat,6159
2019-01-01,Selangor,P.113 Sepang,5617
2022-01-01,Selangor,P.113 Sepang,6706
2024-01-01,Selangor,P.113 Sepang,7397
2019-01-01,W.P. Kuala Lumpur,P.114 Kepong,6500
2022-01-01,W.P. Kuala Lumpur,P.114 Kepong,7085
2024-01-01,W.P. Kuala Lumpur,P.114 Kepong,8315
2019-01-01,W.P. Kuala Lumpur,P.115 Batu,5817
2022-01-01,W.P. Kuala Lumpur,P.115 Batu,6051
2024-01-01,W.P. Kuala Lumpur,P.115 Batu,6823
2019-01-01,W.P. Kuala Lumpur,P.116 Wangsa Maju,5768
2022-01-01,W.P. Kuala Lumpur,P.116 Wangsa Maju,6882
2024-01-01,W.P. Kuala Lumpur,P.116 Wangsa Maju,7139
2019-01-01,W.P. Kuala Lumpur,P.117 Segambut,9845
2022-01-01,W.P. Kuala Lumpur,P.117 Segambut,13117
2024-01-01,W.P. Kuala Lumpur,P.117 Segambut,11762
2019-01-01,W.P. Kuala Lumpur,P.118 Setiawangsa,6534
2022-01-01,W.P. Kuala Lumpur,P.118 Setiawangsa,6900
2024-01-01,W.P. Kuala Lumpur,P.118 Setiawangsa,10654
2019-01-01,W.P. Kuala Lumpur,P.119 Titiwangsa,6823
2022-01-01,W.P. Kuala Lumpur,P.119 Titiwangsa,7314
2024-01-01,W.P. Kuala Lumpur,P.119 Titiwangsa,8285
2019-01-01,W.P. Kuala Lumpur,P.120 Bukit Bintang,7401
2022-01-01,W.P. Kuala Lumpur,P.120 Bukit Bintang,8622
2024-01-01,W.P. Kuala Lumpur,P.120 Bukit Bintang,9320
2019-01-01,W.P. Kuala Lumpur,P.121 Lembah Pantai,6186
2022-01-01,W.P. Kuala Lumpur,P.121 Lembah Pantai,7424
2024-01-01,W.P. Kuala Lumpur,P.121 Lembah Pantai,7234
2019-01-01,W.P. Kuala Lumpur,P.122 Seputeh,7764
2022-01-01,W.P. Kuala Lumpur,P.122 Seputeh,7247
2024-01-01,W.P. Kuala Lumpur,P.122 Seputeh,7076
2019-01-01,W.P. Kuala Lumpur,P.123 Cheras,5979
2022-01-01,W.P. Kuala Lumpur,P.123 Cheras,7112
2024-01-01,W.P. Kuala Lumpur,P.123 Cheras,7354
2019-01-01,W.P. Kuala Lumpur,P.124 Bandar Tun Razak,6002
2022-01-01,W.P. Kuala Lumpur,P.124 Bandar Tun Razak,6082
2024-01-01,W.P. Kuala Lumpur,P.124 Bandar Tun Razak,6228
2019-01-01,W.P. Putrajaya,P.125 Putrajaya,7980
2022-01-01,W.P. Putrajaya,P.125 Putrajaya,8897
2024-01-01,W.P. Putrajaya,P.125 Putrajaya,9186
2019-01-01,Negeri Sembilan,P.126 Jelebu,3738
2022-01-01,Negeri Sembilan,P.126 Jelebu,3440
2024-01-01,Negeri Sembilan,P.126 Jelebu,3726
2019-01-01,Negeri Sembilan,P.127 Jempol,3398
2022-01-01,Negeri Sembilan,P.127 Jempol,3651
2024-01-01,Negeri Sembilan,P.127 Jempol,4210
2019-01-01,Negeri Sembilan,P.128 Seremban,4938
2022-01-01,Negeri Sembilan,P.128 Seremban,4975
2024-01-01,Negeri Sembilan,P.128 Seremban,4970
2019-01-01,Negeri Sembilan,P.129 Kuala Pilah,3909
2022-01-01,Negeri Sembilan,P.129 Kuala Pilah,3567
2024-01-01,Negeri Sembilan,P.129 Kuala Pilah,3809
2019-01-01,Negeri Sembilan,P.130 Rasah,5170
2022-01-01,Negeri Sembilan,P.130 Rasah,5577
2024-01-01,Negeri Sembilan,P.130 Rasah,6453
2019-01-01,Negeri Sembilan,P.131 Rembau,3916
2022-01-01,Negeri Sembilan,P.131 Rembau,4939
2024-01-01,Negeri Sembilan,P.131 Rembau,5318
2019-01-01,Negeri Sembilan,P.132 Port Dickson,4083
2022-01-01,Negeri Sembilan,P.132 Port Dickson,4500
2024-01-01,Negeri Sembilan,P.132 Port Dickson,4709
2019-01-01,Negeri Sembilan,P.133 Tampin,3694
2022-01-01,Negeri Sembilan,P.133 Tampin,3750
2024-01-01,Negeri Sembilan,P.133 Tampin,4238
2019-01-01,Melaka,P.134 Masjid Tanah,4334
2022-01-01,Melaka,P.134 Masjid Tanah,5389
2024-01-01,Melaka,P.134 Masjid Tanah,5576
2019-01-01,Melaka,P.135 Alor Gajah,4839
2022-01-01,Melaka,P.135 Alor Gajah,5107
2024-01-01,Melaka,P.135 Alor Gajah,5761
2019-01-01,Melaka,P.136 Tangga Batu,5368
2022-01-01,Melaka,P.136 Tangga Batu,5834
2024-01-01,Melaka,P.136 Tangga Batu,6258
2019-01-01,Melaka,P.137 Hang Tuah Jaya,5432
2022-01-01,Melaka,P.137 Hang Tuah Jaya,6162
2024-01-01,Melaka,P.137 Hang Tuah Jaya,6646
2019-01-01,Melaka,P.138 Kota Melaka,4792
2022-01-01,Melaka,P.138 Kota Melaka,6033
2024-01-01,Melaka,P.138 Kota Melaka,6645
2019-01-01,Melaka,P.139 Jasin,4830
2022-01-01,Melaka,P.139 Jasin,5186
2024-01-01,Melaka,P.139 Jasin,5761
2019-01-01,Johor,P.140 Segamat,4151
2022-01-01,Johor,P.140 Segamat,4740
2024-01-01,Johor,P.140 Segamat,4963
2019-01-01,Johor,P.141 Sekijang,4194
2022-01-01,Johor,P.141 Sekijang,4143
2024-01-01,Johor,P.141 Sekijang,4785
2019-01-01,Johor,P.142 Labis,4033
2022-01-01,Johor,P.142 Labis,4437
2024-01-01,Johor,P.142 Labis,4824
2019-01-01,Johor,P.143 Pagoh,3698
2022-01-01,Johor,P.143 Pagoh,4625
2024-01-01,Johor,P.143 Pagoh,4743
2019-01-01,Johor,P.144 Ledang,4248
2022-01-01,Johor,P.144 Ledang,4186
2024-01-01,Johor,P.144 Ledang,4675
2019-01-01,Johor,P.145 Bakri,5183
2022-01-01,Johor,P.145 Bakri,5327
2024-01-01,Johor,P.145 Bakri,5711
2019-01-01,Johor,P.146 Muar,5359
2022-01-01,Johor,P.146 Muar,4153
2024-01-01,Johor,P.146 Muar,5914
2019-01-01,Johor,P.147 Parit Sulong,4485
2022-01-01,Johor,P.147 Parit Sulong,4179
2024-01-01,Johor,P.147 Parit Sulong,5041
2019-01-01,Johor,P.148 Ayer Hitam,4123
2022-01-01,Johor,P.148 Ayer Hitam,4379
2024-01-01,Johor,P.148 Ayer Hitam,4622
2019-01-01,Johor,P.149 Sri Gading,4594
2022-01-01,Johor,P.149 Sri Gading,4451
2024-01-01,Johor,P.149 Sri Gading,5216
2019-01-01,Johor,P.150 Batu Pahat,4571
2022-01-01,Johor,P.150 Batu Pahat,4886
2024-01-01,Johor,P.150 Batu Pahat,5388
2019-01-01,Johor,P.151 Simpang Renggam,3307
2022-01-01,Johor,P.151 Simpang Renggam,3917
2024-01-01,Johor,P.151 Simpang Renggam,5022
2019-01-01,Johor,P.152 Kluang,3824
2022-01-01,Johor,P.152 Kluang,4593
2024-01-01,Johor,P.152 Kluang,4749
2019-01-01,Johor,P.153 Sembrong,3396
2022-01-01,Johor,P.153 Sembrong,4299
2024-01-01,Johor,P.153 Sembrong,4432
2019-01-01,Johor,P.154 Mersing,3225
2022-01-01,Johor,P.154 Mersing,4032
2024-01-01,Johor,P.154 Mersing,4274
2019-01-01,Johor,P.155 Tenggara,4159
2022-01-01,Johor,P.155 Tenggara,4613
2024-01-01,Johor,P.155 Tenggara,4693
2019-01-01,Johor,P.156 Kota Tinggi,3444
2022-01-01,Johor,P.156 Kota Tinggi,4790
2024-01-01,Johor,P.156 Kota Tinggi,4382
2019-01-01,Johor,P.157 Pengerang,4030
2022-01-01,Johor,P.157 Pengerang,4225
2024-01-01,Johor,P.157 Pengerang,5861
2019-01-01,Johor,P.158 Tebrau,5116
2022-01-01,Johor,P.158 Tebrau,6082
2024-01-01,Johor,P.158 Tebrau,6686
2019-01-01,Johor,P.159 Pasir Gudang,4511
2022-01-01,Johor,P.159 Pasir Gudang,5926
2024-01-01,Johor,P.159 Pasir Gudang,5923
2019-01-01,Johor,P.160 Johor Bahru,5664
2022-01-01,Johor,P.160 Johor Bahru,5834
2024-01-01,Johor,P.160 Johor Bahru,6676
2019-01-01,Johor,P.161 Pulai,5827
2022-01-01,Johor,P.161 Pulai,6848
2024-01-01,Johor,P.161 Pulai,7525
2019-01-01,Johor,P.162 Iskandar Puteri,6275
2022-01-01,Johor,P.162 Iskandar Puteri,6020
2024-01-01,Johor,P.162 Iskandar Puteri,7055
2019-01-01,Johor,P.163 Kulai,4802
2022-01-01,Johor,P.163 Kulai,5528
2024-01-01,Johor,P.163 Kulai,6168
2019-01-01,Johor,P.164 Pontian,3836
2022-01-01,Johor,P.164 Pontian,4192
2024-01-01,Johor,P.164 Pontian,4360
2019-01-01,Johor,P.165 Tanjung Piai,3751
2022-01-01,Johor,P.165 Tanjung Piai,4909
2024-01-01,Johor,P.165 Tanjung Piai,5347
2019-01-01,W.P. Labuan,P.166 Labuan,4097
2022-01-01,W.P. Labuan,P.166 Labuan,4176
2024-01-01,W.P. Labuan,P.166 Labuan,4497
2019-01-01,Sabah,P.167 Kudat,2505
2022-01-01,Sabah,P.167 Kudat,2860
2024-01-01,Sabah,P.167 Kudat,3345
2019-01-01,Sabah,P.168 Kota Marudu,2376
2022-01-01,Sabah,P.168 Kota Marudu,2993
2024-01-01,Sabah,P.168 Kota Marudu,3367
2019-01-01,Sabah,P.169 Kota Belud,2371
2022-01-01,Sabah,P.169 Kota Belud,2791
2024-01-01,Sabah,P.169 Kota Belud,2920
2019-01-01,Sabah,P.170 Tuaran,2932
2022-01-01,Sabah,P.170 Tuaran,3128
2024-01-01,Sabah,P.170 Tuaran,3173
2019-01-01,Sabah,P.171 Sepanggar,3123
2022-01-01,Sabah,P.171 Sepanggar,3824
2024-01-01,Sabah,P.171 Sepanggar,4087
2019-01-01,Sabah,P.172 Kota Kinabalu,4290
2022-01-01,Sabah,P.172 Kota Kinabalu,5431
2024-01-01,Sabah,P.172 Kota Kinabalu,6907
2019-01-01,Sabah,P.173 Putatan,3172
2022-01-01,Sabah,P.173 Putatan,5103
2024-01-01,Sabah,P.173 Putatan,4150
2019-01-01,Sabah,P.174 Penampang,3230
2022-01-01,Sabah,P.174 Penampang,4173
2024-01-01,Sabah,P.174 Penampang,4249
2019-01-01,Sabah,P.175 Papar,2899
2022-01-01,Sabah,P.175 Papar,3641
2024-01-01,Sabah,P.175 Papar,3546
2019-01-01,Sabah,P.176 Kimanis,2578
2022-01-01,Sabah,P.176 Kimanis,2784
2024-01-01,Sabah,P.176 Kimanis,3056
2019-01-01,Sabah,P.177 Beaufort,2547
2022-01-01,Sabah,P.177 Beaufort,3043
2024-01-01,Sabah,P.177 Beaufort,3444
2019-01-01,Sabah,P.178 Sipitang,2391
2022-01-01,Sabah,P.178 Sipitang,3127
2024-01-01,Sabah,P.178 Sipitang,3233
2019-01-01,Sabah,P.179 Ranau,2648
2022-01-01,Sabah,P.179 Ranau,2890
2024-01-01,Sabah,P.179 Ranau,2905
2019-01-01,Sabah,P.180 Keningau,2884
2022-01-01,Sabah,P.180 Keningau,3539
2024-01-01,Sabah,P.180 Keningau,3571
2019-01-01,Sabah,P.181 Tenom,2606
2022-01-01,Sabah,P.181 Tenom,3319
2024-01-01,Sabah,P.181 Tenom,3504
2019-01-01,Sabah,P.182 Pensiangan,2415
2022-01-01,Sabah,P.182 Pensiangan,3152
2024-01-01,Sabah,P.182 Pensiangan,3465
2019-01-01,Sabah,P.183 Beluran,1848
2022-01-01,Sabah,P.183 Beluran,2398
2024-01-01,Sabah,P.183 Beluran,2725
2019-01-01,Sabah,P.184 Libaran,2885
2022-01-01,Sabah,P.184 Libaran,2993
2024-01-01,Sabah,P.184 Libaran,3432
2019-01-01,Sabah,P.185 Batu Sapi,3571
2022-01-01,Sabah,P.185 Batu Sapi,3624
2024-01-01,Sabah,P.185 Batu Sapi,3880
2019-01-01,Sabah,P.186 Sandakan,3759
2022-01-01,Sabah,P.186 Sandakan,3879
2024-01-01,Sabah,P.186 Sandakan,3993
2019-01-01,Sabah,P.187 Kinabatangan,1916
2022-01-01,Sabah,P.187 Kinabatangan,2408
2024-01-01,Sabah,P.187 Kinabatangan,2500
2019-01-01,Sabah,P.188 Lahad Datu,2763
2022-01-01,Sabah,P.188 Lahad Datu,3177
2024-01-01,Sabah,P.188 Lahad Datu,3420
2019-01-01,Sabah,P.189 Semporna,2599
2022-01-01,Sabah,P.189 Semporna,2466
2024-01-01,Sabah,P.189 Semporna,2567
2019-01-01,Sabah,P.190 Tawau,2554
2022-01-01,Sabah,P.190 Tawau,3240
2024-01-01,Sabah,P.190 Tawau,3202
2019-01-01,Sabah,P.191 Kalabakan,2941
2022-01-01,Sabah,P.191 Kalabakan,2713
2024-01-01,Sabah,P.191 Kalabakan,2871
2019-01-01,Sarawak,P.192 Mas Gading,2940
2022-01-01,Sarawak,P.192 Mas Gading,3231
2024-01-01,Sarawak,P.192 Mas Gading,3508
2019-01-01,Sarawak,P.193 Santubong,3378
2022-01-01,Sarawak,P.193 Santubong,3850
2024-01-01,Sarawak,P.193 Santubong,4385
2019-01-01,Sarawak,P.194 Petra Jaya,4260
2022-01-01,Sarawak,P.194 Petra Jaya,4839
2024-01-01,Sarawak,P.194 Petra Jaya,5349
2019-01-01,Sarawak,P.195 Bandar Kuching,4457
2022-01-01,Sarawak,P.195 Bandar Kuching,5095
2024-01-01,Sarawak,P.195 Bandar Kuching,5172
2019-01-01,Sarawak,P.196 Stampin,4465
2022-01-01,Sarawak,P.196 Stampin,4883
2024-01-01,Sarawak,P.196 Stampin,5350
2019-01-01,Sarawak,P.197 Kota Samarahan,3723
2022-01-01,Sarawak,P.197 Kota Samarahan,4203
2024-01-01,Sarawak,P.197 Kota Samarahan,4894
2019-01-01,Sarawak,P.198 Puncak Borneo,2960
2022-01-01,Sarawak,P.198 Puncak Borneo,3402
2024-01-01,Sarawak,P.198 Puncak Borneo,3831
2019-01-01,Sarawak,P.199 Serian,2643
2022-01-01,Sarawak,P.199 Serian,3233
2024-01-01,Sarawak,P.199 Serian,3329
2019-01-01,Sarawak,P.200 Batang Sadong,2324
2022-01-01,Sarawak,P.200 Batang Sadong,2996
2024-01-01,Sarawak,P.200 Batang Sadong,3269
2019-01-01,Sarawak,P.201 Batang Lupar,2324
2022-01-01,Sarawak,P.201 Batang Lupar,2523
2024-01-01,Sarawak,P.201 Batang Lupar,2630
2019-01-01,Sarawak,P.202 Sri Aman,2823
2022-01-01,Sarawak,P.202 Sri Aman,3098
2024-01-01,Sarawak,P.202 Sri Aman,3060
2019-01-01,Sarawak,P.203 Lubok Antu,2785
2022-01-01,Sarawak,P.203 Lubok Antu,3007
2024-01-01,Sarawak,P.203 Lubok Antu,3564
2019-01-01,Sarawak,P.204 Betong,2868
2022-01-01,Sarawak,P.204 Betong,2869
2024-01-01,Sarawak,P.204 Betong,2869
2019-01-01,Sarawak,P.205 Saratok,2747
2022-01-01,Sarawak,P.205 Saratok,3077
2024-01-01,Sarawak,P.205 Saratok,3197
2019-01-01,Sarawak,P.206 Tanjong Manis,2795
2022-01-01,Sarawak,P.206 Tanjong Manis,2758
2024-01-01,Sarawak,P.206 Tanjong Manis,2925
2019-01-01,Sarawak,P.207 Igan,2506
2022-01-01,Sarawak,P.207 Igan,2948
2024-01-01,Sarawak,P.207 Igan,3062
2019-01-01,Sarawak,P.208 Sarikei,3063
2022-01-01,Sarawak,P.208 Sarikei,3148
2024-01-01,Sarawak,P.208 Sarikei,3835
2019-01-01,Sarawak,P.209 Julau,2524
2022-01-01,Sarawak,P.209 Julau,2916
2024-01-01,Sarawak,P.209 Julau,3360
2019-01-01,Sarawak,P.210 Kanowit,2497
2022-01-01,Sarawak,P.210 Kanowit,2940
2024-01-01,Sarawak,P.210 Kanowit,3240
2019-01-01,Sarawak,P.211 Lanang,3528
2022-01-01,Sarawak,P.211 Lanang,4423
2024-01-01,Sarawak,P.211 Lanang,4026
2019-01-01,Sarawak,P.212 Sibu,3741
2022-01-01,Sarawak,P.212 Sibu,4278
2024-01-01,Sarawak,P.212 Sibu,4876
2019-01-01,Sarawak,P.213 Mukah,2977
2022-01-01,Sarawak,P.213 Mukah,3474
2024-01-01,Sarawak,P.213 Mukah,3413
2019-01-01,Sarawak,P.214 Selangau,2696
2022-01-01,Sarawak,P.214 Selangau,3000
2024-01-01,Sarawak,P.214 Selangau,3088
2019-01-01,Sarawak,P.215 Kapit,3178
2022-01-01,Sarawak,P.215 Kapit,3199
2024-01-01,Sarawak,P.215 Kapit,3571
2019-01-01,Sarawak,P.216 Hulu Rajang,2407
2022-01-01,Sarawak,P.216 Hulu Rajang,2546
2024-01-01,Sarawak,P.216 Hulu Rajang,3271
2019-01-01,Sarawak,P.217 Bintulu,3653
2022-01-01,Sarawak,P.217 Bintulu,4516
2024-01-01,Sarawak,P.217 Bintulu,4723
2019-01-01,Sarawak,P.218 Sibuti,2729
2022-01-01,Sarawak,P.218 Sibuti,2692
2024-01-01,Sarawak,P.218 Sibuti,3855
2019-01-01,Sarawak,P.219 Miri,4140
2022-01-01,Sarawak,P.219 Miri,4438
2024-01-01,Sarawak,P.219 Miri,4744
2019-01-01,Sarawak,P.220 Baram,2379
2022-01-01,Sarawak,P.220 Baram,2648
2024-01-01,Sarawak,P.220 Baram,2822
2019-01-01,Sarawak,P.221 Limbang,3394
2022-01-01,Sarawak,P.221 Limbang,3184
2024-01-01,Sarawak,P.221 Limbang,3457
2019-01-01,Sarawak,P.222 Lawas,3299
2022-01-01,Sarawak,P.222 Lawas,2934
2024-01-01,Sarawak,P.222 Lawas,3241
